Lineage	Position	Derived_Call
DCC3	197510	C
DCC3	202222	T
DCC3	205028	A
DCC3	206938	T
DCC3	207479	T
DCC3	208787	T
DCC3	211541	T
DCC3	213406	A
DCC3	213636	T
DCC3	214027	T
DCC3	214188	G
DCC3	214395	T
DCC3	214524	G
DCC3	214542	A
DCC3	214617	A
DCC3	224172	C
DCC3	228176	G
DCC3	229283	A
DCC3	259471	T
DCC3	262094	C
DCC3	262265	T
DCC3	262665	A
DCC3	265061	T
DCC3	266199	A
DCC3	266256	A
DCC3	266625	T
DCC3	266777	T
DCC3	267722	C
DCC3	268330	T
DCC3	268700	T
DCC3	269804	C
DCC3	271789	G
DCC3	271803	T
DCC3	274438	C
DCC3	276765	T
DCC3	278266	T
DCC3	293143	T
DCC3	296406	T
DCC3	297660	A
DCC3	389141	G
DCC3	427340	C
DCC3	553139	C
DCC3	561172	A
DCC3	739935	T
DCC3	740237	T
DCC3	812911	A
DCC3	835758	A
DCC3	848026	T
DCC3	849494	C
DCC3	864705	T
DCC3	874219	G
DCC3	875232	T
DCC3	876316	A
DCC3	877431	T
DCC3	879258	T
DCC3	879776	T
DCC3	920968	T
DCC3	942511	G
DCC3	1072138	G
DCC3	1189985	A
DCC3	1189986	A
DCC3	1189989	G
DCC3	1246650	C
DCC3	1250085	C
DCC3	1290316	A
DCC3	1290700	A
DCC3	1290897	T
DCC3	1291120	G
DCC3	1291328	C
DCC3	1291426	G
DCC3	1293308	C
DCC3	1293349	T
DCC3	1293937	C
DCC3	1294056	C
DCC3	1294828	C
DCC3	1295235	T
DCC3	1295314	G
DCC3	1295499	T
DCC3	1297408	T
DCC3	1297489	A
DCC3	1297540	C
DCC3	1327761	G
DCC3	1332044	G
DCC3	1335005	T
DCC3	1337141	T
DCC3	1337145	G
DCC3	1337241	A
DCC3	1364396	A
DCC3	1369049	A
DCC3	1369830	T
DCC3	1369831	G
DCC3	1369833	G
DCC3	1370230	A
DCC3	1372885	T
DCC3	1479524	T
DCC3	1490050	A
DCC3	1501347	A
DCC3	1502508	A
DCC3	1504608	C
DCC3	1506553	C
DCC3	1516259	G
DCC3	1725978	A
DCC3	1726380	C
DCC3	1727721	T
DCC3	1729365	T
DCC3	1730200	A
DCC3	1730793	T
DCC3	1731755	C
DCC3	1731901	G
DCC3	1735468	T
DCC3	2403145	A
DCC3	2406744	G
DCC3	2591057	G
DCC3	2591126	G
DCC3	2592085	T
DCC3	2592194	T
DCC3	2687203	C
DCC3	2717710	T
DCC3	2718243	A
DCC3	2720890	C
DCC3	2721462	A
DCC3	2722928	G
DCC3	2723005	T
DCC3	2723590	T
DCC3	2723998	A
DCC3	2725779	A
DCC3	2730650	T
DCC3	2798908	A
DCC3	2799844	A
DCC3	2811803	G
DCC3	2814744	A
DCC3	2815479	T
DCC3	2817156	G
DCC3	2817605	G
DCC3	2817998	C
DCC3	2818013	C
DCC3	2818281	T
DCC3	2825240	A
DCC3	2826801	G
DCC3	2829803	T
DCC3	2836113	T
DCC3	2836140	A
DCC3	2836170	T
DCC3	2836218	A
DCC3	2951371	A
DCC3	2952483	C
DCC3	2953009	T
DCC3	2953308	T
DCC3	2953356	T
DCC3	2953901	G
DCC3	2954217	A
DCC3	2955164	T
DCC3	2955291	T
DCC3	2955309	C
DCC3	2955434	A
DCC3	2955581	A
DCC3	2955621	T
DCC3	2955918	A
DCC3	2956373	G
DCC3	2956787	A
DCC3	2957920	T
DCC3	2958277	A
DCC3	2958563	A
DCC3	2958682	T
DCC3	2958873	G
DCC3	2959586	C
DCC3	2959595	T
DCC3	2959850	T
DCC3	2961331	T
DCC3	2962146	T
DCC3	2968418	A
DCC3	2968902	T
DCC3	2969544	G
DCC3	2986154	T
DCC3	3008423	A
DCC3	3013368	T
DCC3	3026972	T
DCC3	3147480	T
DCC3	3192263	C
DCC3	3203746	C
DCC3	3205156	C
DCC3	3205733	T
DCC3	3209786	T
DCC3	3211211	A
DCC3	3211933	T
DCC3	3212008	G
DCC3	3212680	A
DCC3	3212683	A
DCC3	3213204	G
DCC3	3286337	A
DCC3	3535209	G
DCC3	3585603	A
DCC3	3659358	A
DCC3	3702998	C
DCC3	3706738	A
DCC3	3770999	A
DCC3	3856641	C
DCC3	3947575	T
DCC3	4015161	T
DCC3	4017045	A
DCC3	4018751	C
DCC3	4044898	A
DCC3	4045585	A
DCC3	4045719	T
DCC3	4046012	C
DCC3	4046127	A
DCC3	4046225	A
DCC3	4046234	A
DCC3	4048559	A
DCC3	4050564	A
DCC3	4051451	T
DCC3	4051525	A
DCC3	4052763	A
DCC3	4053260	G
DCC3	4416737	C
DCC3	4612011	T
DCC3	4752734	T
DCC3	4776818	A
DCC3	4789918	T
DCC3	4801072	G
DCC3	4801778	T
DCC3	4807272	G
DCC3	4811700	A
DCC3	4822440	G
DCC3	4829473	G
DCC3	4833060	C
DCC3	4833578	T
DCC3	4833781	T
DCC3	4837067	C
DCC3	4837574	A
DCC3	4846196	A
DCC3	4849317	A
DCC3	4920103	C
DCC3	4927448	A
DCC3	4929351	C
DCC3	4929758	C
DCC3	4931093	A
DCC3	4934223	A
DCC3	4937241	T
DCC3	4942606	T
DCC3	4951653	G
DCC3	4952895	G
DCC3	4955632	A
DCC3	4963595	G
DCC3	4970769	C
DCC3	4975509	C
DCC3	225644	C
DCC3	259370	T
DCC3	1281618	C
DCC3	1287216	A
DCC3	3211539	C
DCC3	3211558	T
DCC3	4037081	T
DCC3	4045938	T
DCC3	4814602	A
DCC3	4835452	C
DCC3	4835509	A
DCC6	45675	T
DCC6	48663	A
DCC6	48703	C
DCC6	51536	T
DCC6	51616	A
DCC6	51642	A
DCC6	51644	A
DCC6	51649	A
DCC6	51655	G
DCC6	51657	T
DCC6	51658	G
DCC6	51816	T
DCC6	52499	C
DCC6	53350	A
DCC6	55851	C
DCC6	58267	C
DCC6	64024	G
DCC6	67998	A
DCC6	68000	T
DCC6	68004	G
DCC6	68063	C
DCC6	68264	T
DCC6	68318	G
DCC6	68349	G
DCC6	68351	G
DCC6	68384	T
DCC6	70434	C
DCC6	72887	G
DCC6	73145	A
DCC6	73366	A
DCC6	77872	T
DCC6	87288	G
DCC6	108678	T
DCC6	109018	G
DCC6	109325	A
DCC6	109603	T
DCC6	110841	G
DCC6	110900	A
DCC6	131076	C
DCC6	134287	A
DCC6	135291	G
DCC6	135831	T
DCC6	136151	T
DCC6	136684	T
DCC6	137378	G
DCC6	141152	G
DCC6	142839	C
DCC6	148715	A
DCC6	151475	G
DCC6	151749	C
DCC6	151788	T
DCC6	152445	T
DCC6	152682	A
DCC6	160919	C
DCC6	161472	A
DCC6	168081	G
DCC6	173067	T
DCC6	187745	T
DCC6	188130	G
DCC6	188616	T
DCC6	189738	T
DCC6	190635	C
DCC6	191507	A
DCC6	191738	A
DCC6	208525	A
DCC6	225466	A
DCC6	393284	G
DCC6	417251	G
DCC6	527264	T
DCC6	528798	A
DCC6	529375	T
DCC6	529999	G
DCC6	615693	T
DCC6	766436	A
DCC6	853933	T
DCC6	858429	C
DCC6	879896	C
DCC6	885582	T
DCC6	888050	T
DCC6	898779	G
DCC6	901550	C
DCC6	912957	G
DCC6	915353	A
DCC6	915730	A
DCC6	917146	T
DCC6	917736	A
DCC6	920470	T
DCC6	927054	T
DCC6	927066	G
DCC6	927327	C
DCC6	928337	A
DCC6	930373	C
DCC6	931125	C
DCC6	931839	T
DCC6	933858	T
DCC6	934155	A
DCC6	934369	G
DCC6	934498	C
DCC6	934987	C
DCC6	936725	A
DCC6	936832	T
DCC6	941053	G
DCC6	941609	T
DCC6	941992	A
DCC6	942033	C
DCC6	1058097	G
DCC6	1058259	T
DCC6	1058519	T
DCC6	1058661	A
DCC6	1058720	T
DCC6	1060543	A
DCC6	1062265	C
DCC6	1063727	T
DCC6	1070060	A
DCC6	1072059	G
DCC6	1072501	G
DCC6	1073076	T
DCC6	1090235	A
DCC6	1134976	C
DCC6	1143243	G
DCC6	1174436	T
DCC6	1174449	C
DCC6	1189389	T
DCC6	1203454	T
DCC6	1210930	A
DCC6	1211591	A
DCC6	1212450	T
DCC6	1213108	A
DCC6	1231810	T
DCC6	1241948	T
DCC6	1244219	T
DCC6	1244232	C
DCC6	1262885	C
DCC6	1268218	C
DCC6	1347891	G
DCC6	1355509	T
DCC6	1360058	C
DCC6	1374185	T
DCC6	1382192	T
DCC6	1383699	G
DCC6	1384989	T
DCC6	1391704	G
DCC6	1393896	G
DCC6	1394548	G
DCC6	1394927	C
DCC6	1395022	T
DCC6	1396451	G
DCC6	1396595	T
DCC6	1401380	T
DCC6	1401409	T
DCC6	1410296	A
DCC6	1412994	T
DCC6	1441852	C
DCC6	1441952	A
DCC6	1474436	T
DCC6	1474448	C
DCC6	1475690	T
DCC6	1476613	C
DCC6	1476940	C
DCC6	1477452	G
DCC6	1477707	T
DCC6	1478275	A
DCC6	1478300	G
DCC6	1478497	T
DCC6	1486301	T
DCC6	1497594	T
DCC6	1498743	G
DCC6	1499048	C
DCC6	1501813	T
DCC6	1502786	A
DCC6	1505123	T
DCC6	1505176	C
DCC6	1505285	A
DCC6	1509766	T
DCC6	1521523	A
DCC6	1521790	C
DCC6	1522192	G
DCC6	1522333	T
DCC6	1523199	T
DCC6	1523485	G
DCC6	1523544	G
DCC6	1543872	G
DCC6	1544347	T
DCC6	1544559	T
DCC6	1545558	C
DCC6	1546226	T
DCC6	1546749	C
DCC6	1548722	A
DCC6	1549647	G
DCC6	1581255	G
DCC6	1582087	A
DCC6	1595945	T
DCC6	1596116	C
DCC6	1596366	T
DCC6	1612354	A
DCC6	1618763	T
DCC6	1618912	G
DCC6	1621550	T
DCC6	1622107	G
DCC6	1628944	C
DCC6	1637276	T
DCC6	1641738	T
DCC6	1651087	G
DCC6	1654573	T
DCC6	1658329	T
DCC6	1659803	A
DCC6	1660079	T
DCC6	1661471	A
DCC6	1661509	A
DCC6	1662478	A
DCC6	1662615	A
DCC6	1664361	C
DCC6	1665044	C
DCC6	1665053	C
DCC6	1665058	A
DCC6	1665060	A
DCC6	1665061	G
DCC6	1665065	G
DCC6	1665082	A
DCC6	1665089	T
DCC6	1665098	C
DCC6	1665101	G
DCC6	1665104	G
DCC6	1665107	G
DCC6	1665113	T
DCC6	1666395	T
DCC6	1666972	A
DCC6	1667622	T
DCC6	1667985	G
DCC6	1668072	T
DCC6	1668096	C
DCC6	1668114	T
DCC6	1668392	T
DCC6	1680263	A
DCC6	1684562	A
DCC6	1697654	T
DCC6	1699274	A
DCC6	1700725	G
DCC6	1701629	A
DCC6	1702024	T
DCC6	1702078	T
DCC6	1702864	A
DCC6	1703158	T
DCC6	1703295	G
DCC6	1703340	A
DCC6	1703364	G
DCC6	1703388	A
DCC6	1703439	G
DCC6	1703487	G
DCC6	1703605	C
DCC6	1703629	T
DCC6	1703631	C
DCC6	1703638	T
DCC6	1703641	T
DCC6	1703653	G
DCC6	1703725	G
DCC6	1703788	A
DCC6	1703789	C
DCC6	1703908	C
DCC6	1705067	A
DCC6	1705561	G
DCC6	1705813	T
DCC6	1710520	T
DCC6	1712025	G
DCC6	1714378	C
DCC6	1729232	C
DCC6	1730139	T
DCC6	1731556	A
DCC6	1738051	T
DCC6	1738524	T
DCC6	1739095	T
DCC6	1739504	T
DCC6	1739852	T
DCC6	1740782	G
DCC6	1740897	T
DCC6	1740923	T
DCC6	1741316	G
DCC6	1741474	T
DCC6	1741685	A
DCC6	1744422	A
DCC6	1747905	T
DCC6	1748241	A
DCC6	1749171	T
DCC6	1749270	T
DCC6	1751531	T
DCC6	1751654	T
DCC6	1751724	A
DCC6	1752387	A
DCC6	1753762	A
DCC6	1754586	T
DCC6	1759394	C
DCC6	1759409	T
DCC6	1759424	G
DCC6	1759428	T
DCC6	1759433	T
DCC6	1759460	T
DCC6	1762507	T
DCC6	1764030	C
DCC6	1764315	C
DCC6	1767543	T
DCC6	1769900	T
DCC6	1769930	C
DCC6	1770012	A
DCC6	1770424	A
DCC6	1771310	G
DCC6	1771437	T
DCC6	1771522	T
DCC6	1897675	A
DCC6	2406574	A
DCC6	2414705	A
DCC6	2416079	G
DCC6	2597385	T
DCC6	2675138	T
DCC6	2678576	T
DCC6	2678786	A
DCC6	2683655	T
DCC6	2684461	C
DCC6	2864395	C
DCC6	2971971	C
DCC6	3011894	T
DCC6	3210074	C
DCC6	3216866	T
DCC6	3239104	C
DCC6	3285268	T
DCC6	3563475	T
DCC6	3626897	T
DCC6	3655979	G
DCC6	3715132	T
DCC6	3719092	A
DCC6	3727158	C
DCC6	3727956	A
DCC6	3730247	A
DCC6	3762345	T
DCC6	3763777	G
DCC6	3764309	G
DCC6	3764911	A
DCC6	3764945	A
DCC6	3766180	T
DCC6	3766511	C
DCC6	3767825	A
DCC6	3769329	T
DCC6	3769923	C
DCC6	3770419	A
DCC6	3770445	A
DCC6	3795868	T
DCC6	3801106	A
DCC6	3802842	G
DCC6	3802976	G
DCC6	3803032	C
DCC6	3803056	T
DCC6	3803065	G
DCC6	3803120	G
DCC6	3803137	G
DCC6	3803143	G
DCC6	3803193	C
DCC6	3803208	C
DCC6	3803337	G
DCC6	3803466	T
DCC6	3803472	G
DCC6	3803526	C
DCC6	3803550	G
DCC6	3803628	A
DCC6	3803646	A
DCC6	3803663	G
DCC6	3803737	A
DCC6	3803838	C
DCC6	3803844	T
DCC6	3803850	C
DCC6	3803887	A
DCC6	3803907	A
DCC6	3804137	G
DCC6	3804377	G
DCC6	3804422	T
DCC6	3804440	G
DCC6	3804506	G
DCC6	3804512	A
DCC6	3804534	A
DCC6	3804536	C
DCC6	3804635	A
DCC6	3804647	G
DCC6	3808207	A
DCC6	3808426	T
DCC6	3808525	G
DCC6	3808591	A
DCC6	3810082	A
DCC6	3831736	T
DCC6	3832986	A
DCC6	3921651	C
DCC6	4063726	C
DCC6	4148086	C
DCC6	4290520	C
DCC6	4413192	A
DCC6	4413865	A
DCC6	4414234	T
DCC6	4414279	T
DCC6	4414369	A
DCC6	4414594	T
DCC6	4414779	G
DCC6	4414849	A
DCC6	4414924	T
DCC6	4415086	A
DCC6	4415203	A
DCC6	4415398	C
DCC6	4415533	A
DCC6	4415652	G
DCC6	4415868	C
DCC6	4416037	G
DCC6	4416496	A
DCC6	4416531	T
DCC6	4416934	T
DCC6	4417064	T
DCC6	4417174	T
DCC6	4417180	C
DCC6	4417201	A
DCC6	4417204	T
DCC6	4417205	A
DCC6	4423651	A
DCC6	4423661	T
DCC6	4423668	G
DCC6	4423677	G
DCC6	4424112	G
DCC6	4425683	T
DCC6	4425703	T
DCC6	4430350	A
DCC6	4430917	A
DCC6	4432246	T
DCC6	4432339	G
DCC6	4434129	A
DCC6	4434174	A
DCC6	4434176	T
DCC6	4434627	C
DCC6	4434882	T
DCC6	4435125	T
DCC6	4435554	C
DCC6	4435688	T
DCC6	4436027	A
DCC6	4437702	A
DCC6	4437855	T
DCC6	4437951	T
DCC6	4437984	G
DCC6	4438885	C
DCC6	4439526	A
DCC6	4444210	A
DCC6	4447439	A
DCC6	4448975	C
DCC6	4449762	T
DCC6	4449936	T
DCC6	4450454	G
DCC6	4459343	G
DCC6	4461825	T
DCC6	4466104	A
DCC6	4466623	G
DCC6	4526132	T
DCC6	4528431	T
DCC6	4532688	A
DCC6	4535408	T
DCC6	4540729	A
DCC6	4567224	T
DCC6	4568479	A
DCC6	4576081	T
DCC6	4576332	A
DCC6	4577256	T
DCC6	4580323	G
DCC6	4597534	A
DCC6	4600009	A
DCC6	4600017	T
DCC6	4601731	T
DCC6	4603063	T
DCC6	4603834	T
DCC6	4607456	C
DCC6	4633947	C
DCC6	4634891	G
DCC6	4638187	T
DCC6	4638535	G
DCC6	4638771	G
DCC6	4640224	T
DCC6	4651637	T
DCC6	4656248	G
DCC6	4664779	C
DCC6	4665881	A
DCC6	4666381	C
DCC6	4666863	T
DCC6	4667277	A
DCC6	4667427	G
DCC6	4667913	C
DCC6	4668774	T
DCC6	4669706	G
DCC6	4669720	T
DCC6	4672270	C
DCC6	4700890	C
DCC6	4705690	G
DCC6	4706035	G
DCC6	4706313	A
DCC6	4706450	G
DCC6	4706474	G
DCC6	4706563	C
DCC6	4706913	C
DCC6	4708832	G
DCC6	4709806	T
DCC6	4715097	T
DCC6	4717111	A
DCC6	4795870	C
DCC6	4796170	A
DCC6	4798092	G
DCC6	4808716	A
DCC6	4810306	C
DCC6	4815187	A
DCC6	4816639	A
DCC6	4818054	A
DCC6	4818725	C
DCC6	4823344	T
DCC6	4824110	T
DCC6	4824770	T
DCC6	4826942	C
DCC6	4829456	A
DCC6	4832140	G
DCC6	4832494	G
DCC6	4841066	T
DCC6	4849366	A
DCC6	4851533	T
DCC6	4852483	C
DCC6	4853779	A
DCC6	4857267	G
DCC6	4857946	T
DCC6	4859500	A
DCC6	4859714	T
DCC6	4861736	T
DCC6	4941462	C
DCC6	4941492	T
DCC6	4941608	C
DCC6	47121	G
DCC6	51481	G
DCC6	51914	A
DCC6	68129	T
DCC6	154637	T
DCC6	173586	T
DCC6	881048	T
DCC6	918337	A
DCC6	935389	C
DCC6	944384	A
DCC6	1059549	T
DCC6	1070382	G
DCC6	1110444	C
DCC6	1132049	G
DCC6	1216254	G
DCC6	1382491	A
DCC6	1392992	T
DCC6	1468252	A
DCC6	1470527	T
DCC6	1523238	C
DCC6	1583662	T
DCC6	1601686	T
DCC6	1619520	G
DCC6	1633498	C
DCC6	1634078	T
DCC6	1639075	A
DCC6	1661000	C
DCC6	1711693	A
DCC6	1711868	C
DCC6	1711996	T
DCC6	1750635	T
DCC6	2239493	G
DCC6	3145243	G
DCC6	3159949	G
DCC6	3159981	G
DCC6	3159982	A
DCC6	3160026	T
DCC6	3160049	C
DCC6	3160086	T
DCC6	3160116	C
DCC6	3160160	A
DCC6	3160199	A
DCC6	3160264	T
DCC6	3160273	G
DCC6	3160293	G
DCC6	3160300	T
DCC6	3160307	T
DCC6	3197279	A
DCC6	3594764	A
DCC6	3803166	T
DCC6	3803168	T
DCC6	3803180	G
DCC6	4431867	G
DCC6	4531658	T
DCC6	4536785	T
DCC6	4577429	T
DCC6	4607754	T
DCC6	4622352	A
DCC6	4649369	A
DCC6	4670180	C
DCC6	4708444	A
DCC6	4709225	T
DCC6	4709321	A
DCC6	4807076	C
DCC6	4809449	A
DCC6	4813140	C
DCC6	4813249	T
DCC6	4821122	C
DCC6	4823807	G
DCC6	4825281	T
DCC6	4860241	G
DCC6	4863425	T
DCC7	1234	C
DCC7	3780	T
DCC7	3863	C
DCC7	4655	A
DCC7	4864	C
DCC7	8065	T
DCC7	8077	C
DCC7	8092	T
DCC7	8140	T
DCC7	8209	C
DCC7	8451	T
DCC7	8508	T
DCC7	8544	T
DCC7	8584	T
DCC7	8604	T
DCC7	8613	C
DCC7	8628	T
DCC7	8697	A
DCC7	8742	T
DCC7	8780	T
DCC7	8781	G
DCC7	8862	G
DCC7	8937	T
DCC7	8973	T
DCC7	8988	G
DCC7	9015	T
DCC7	9021	T
DCC7	9027	T
DCC7	9039	A
DCC7	9102	A
DCC7	9129	A
DCC7	9231	C
DCC7	9298	G
DCC7	9366	G
DCC7	9372	T
DCC7	9462	T
DCC7	9525	G
DCC7	9534	A
DCC7	9680	C
DCC7	9698	T
DCC7	9749	T
DCC7	9764	G
DCC7	9776	G
DCC7	9812	T
DCC7	10128	G
DCC7	10158	T
DCC7	10164	G
DCC7	10173	G
DCC7	10227	C
DCC7	10296	T
DCC7	10311	A
DCC7	10347	C
DCC7	10350	A
DCC7	10356	A
DCC7	10359	G
DCC7	10371	C
DCC7	16684	T
DCC7	22917	G
DCC7	31083	A
DCC7	33206	A
DCC7	34393	A
DCC7	35628	A
DCC7	35682	T
DCC7	47437	T
DCC7	66834	A
DCC7	67637	A
DCC7	69526	G
DCC7	71148	A
DCC7	71169	A
DCC7	71269	A
DCC7	71270	G
DCC7	71273	G
DCC7	71429	G
DCC7	71443	G
DCC7	71459	T
DCC7	71489	C
DCC7	71490	G
DCC7	71492	C
DCC7	71510	G
DCC7	71513	T
DCC7	71515	G
DCC7	71516	C
DCC7	71585	G
DCC7	71600	G
DCC7	71615	C
DCC7	71732	A
DCC7	71918	C
DCC7	72217	A
DCC7	74183	A
DCC7	80070	A
DCC7	80828	T
DCC7	81862	T
DCC7	83541	G
DCC7	85351	T
DCC7	87974	C
DCC7	105905	C
DCC7	132139	G
DCC7	182451	A
DCC7	189453	A
DCC7	189740	A
DCC7	195130	T
DCC7	195184	G
DCC7	195853	T
DCC7	196267	T
DCC7	201149	T
DCC7	201180	C
DCC7	201245	T
DCC7	201425	T
DCC7	201482	C
DCC7	201512	C
DCC7	201545	A
DCC7	201563	G
DCC7	201887	C
DCC7	270096	A
DCC7	270612	C
DCC7	270790	C
DCC7	271885	G
DCC7	274118	T
DCC7	274417	G
DCC7	275044	T
DCC7	276705	C
DCC7	276974	T
DCC7	280001	C
DCC7	281005	C
DCC7	290406	T
DCC7	290725	T
DCC7	291217	A
DCC7	291277	C
DCC7	291535	A
DCC7	293384	A
DCC7	332874	C
DCC7	335520	T
DCC7	335929	T
DCC7	337663	T
DCC7	349055	T
DCC7	350611	A
DCC7	352719	A
DCC7	383864	C
DCC7	387006	G
DCC7	390067	A
DCC7	391885	A
DCC7	392427	G
DCC7	392622	T
DCC7	392641	T
DCC7	392821	T
DCC7	392898	T
DCC7	392942	T
DCC7	392943	C
DCC7	393147	G
DCC7	393149	T
DCC7	398877	G
DCC7	399281	T
DCC7	400541	T
DCC7	402406	C
DCC7	402428	C
DCC7	402433	A
DCC7	402607	C
DCC7	402613	G
DCC7	487172	C
DCC7	490359	T
DCC7	492364	A
DCC7	494258	T
DCC7	497191	T
DCC7	509358	T
DCC7	510143	T
DCC7	513556	A
DCC7	520553	A
DCC7	524704	T
DCC7	527121	A
DCC7	527625	A
DCC7	556154	G
DCC7	561416	T
DCC7	566895	T
DCC7	571732	T
DCC7	579488	G
DCC7	620399	T
DCC7	635528	T
DCC7	635959	T
DCC7	638541	A
DCC7	646989	C
DCC7	652332	G
DCC7	652356	C
DCC7	652425	C
DCC7	652434	T
DCC7	652437	C
DCC7	652461	C
DCC7	652486	C
DCC7	652593	A
DCC7	652658	T
DCC7	652670	G
DCC7	652682	C
DCC7	652697	C
DCC7	652796	A
DCC7	652814	T
DCC7	1086236	C
DCC7	1086610	T
DCC7	1086679	A
DCC7	1086818	G
DCC7	1086827	C
DCC7	1086954	A
DCC7	1087752	T
DCC7	1087761	C
DCC7	1088148	G
DCC7	1088952	G
DCC7	1088982	A
DCC7	1088997	T
DCC7	1089012	G
DCC7	1089057	T
DCC7	1089180	C
DCC7	1089201	G
DCC7	1089211	T
DCC7	1089408	C
DCC7	1090008	C
DCC7	1090110	A
DCC7	1090794	T
DCC7	1091091	G
DCC7	1091647	C
DCC7	1095227	T
DCC7	1095557	T
DCC7	1101817	T
DCC7	1102284	C
DCC7	1103804	G
DCC7	1103852	G
DCC7	1103855	G
DCC7	1103858	C
DCC7	1103864	C
DCC7	1103872	T
DCC7	1103873	G
DCC7	1103875	C
DCC7	1103888	C
DCC7	1103892	G
DCC7	1103893	T
DCC7	1103973	G
DCC7	1103974	C
DCC7	1103975	G
DCC7	1103987	C
DCC7	1103999	A
DCC7	1104029	T
DCC7	1104054	G
DCC7	1104083	A
DCC7	1104089	T
DCC7	1104098	A
DCC7	1104116	T
DCC7	1104197	T
DCC7	1104326	C
DCC7	1104350	G
DCC7	1104356	C
DCC7	1104368	A
DCC7	1104422	A
DCC7	1104428	T
DCC7	1104593	C
DCC7	1104604	G
DCC7	1104628	T
DCC7	1104659	C
DCC7	1104677	T
DCC7	1104703	A
DCC7	1104704	T
DCC7	1104761	C
DCC7	1104767	T
DCC7	1104836	G
DCC7	1104917	G
DCC7	1104947	A
DCC7	1104973	A
DCC7	1104991	C
DCC7	1104992	T
DCC7	1105067	C
DCC7	1105076	G
DCC7	1105091	G
DCC7	1105118	A
DCC7	1105136	C
DCC7	1105148	G
DCC7	1105199	C
DCC7	1105208	G
DCC7	1105280	G
DCC7	1105492	G
DCC7	1105534	G
DCC7	1105663	C
DCC7	1105707	C
DCC7	1105717	T
DCC7	1105789	T
DCC7	1106293	C
DCC7	1106698	G
DCC7	1108253	A
DCC7	1108393	C
DCC7	1108394	G
DCC7	1108499	A
DCC7	1108570	C
DCC7	1108588	T
DCC7	1108652	G
DCC7	1108685	C
DCC7	1108697	A
DCC7	1108729	C
DCC7	1108748	C
DCC7	1108811	C
DCC7	1108976	A
DCC7	1109041	A
DCC7	1109099	G
DCC7	1109191	C
DCC7	1109231	A
DCC7	1109254	T
DCC7	1109282	G
DCC7	1109347	G
DCC7	1109393	T
DCC7	1109396	G
DCC7	1109432	T
DCC7	1109452	T
DCC7	1109456	G
DCC7	1109500	G
DCC7	1109575	T
DCC7	1109654	A
DCC7	1109675	G
DCC7	1109732	T
DCC7	1109747	G
DCC7	1109774	G
DCC7	1109798	G
DCC7	1110362	C
DCC7	1110573	C
DCC7	1110582	T
DCC7	1110586	C
DCC7	1110615	T
DCC7	1110633	G
DCC7	1110960	C
DCC7	1110981	T
DCC7	1111281	G
DCC7	1111332	G
DCC7	1111344	A
DCC7	1111348	C
DCC7	1111368	A
DCC7	1111380	T
DCC7	1111389	C
DCC7	1111449	A
DCC7	1111518	C
DCC7	1111545	A
DCC7	1125536	C
DCC7	1125728	T
DCC7	1125812	C
DCC7	1132778	T
DCC7	1133573	T
DCC7	1135725	A
DCC7	1137811	T
DCC7	1138147	A
DCC7	1138817	G
DCC7	1141301	G
DCC7	1148701	T
DCC7	1151035	A
DCC7	1151767	A
DCC7	1151806	A
DCC7	1151827	A
DCC7	1151833	G
DCC7	1151844	T
DCC7	1151845	G
DCC7	1151854	G
DCC7	1151856	T
DCC7	1156510	T
DCC7	1160836	T
DCC7	1163707	T
DCC7	1167589	G
DCC7	1172577	G
DCC7	1174010	C
DCC7	1175215	A
DCC7	1176636	A
DCC7	1178195	A
DCC7	1179497	G
DCC7	1179712	C
DCC7	1180693	G
DCC7	1180699	G
DCC7	1180750	T
DCC7	1180795	A
DCC7	1181628	T
DCC7	1181784	A
DCC7	1182664	T
DCC7	1183706	C
DCC7	1183801	T
DCC7	1183866	T
DCC7	1184513	T
DCC7	1186633	T
DCC7	1203574	C
DCC7	1203922	A
DCC7	1203976	A
DCC7	1204492	C
DCC7	1204657	T
DCC7	1204696	C
DCC7	1222994	A
DCC7	1223000	C
DCC7	1223183	T
DCC7	1223228	T
DCC7	1223282	C
DCC7	1223327	T
DCC7	1223447	G
DCC7	1223459	A
DCC7	1223930	T
DCC7	1223960	G
DCC7	1224135	C
DCC7	1224170	G
DCC7	1224453	C
DCC7	1224587	C
DCC7	1224614	C
DCC7	1224623	G
DCC7	1224740	T
DCC7	1224767	G
DCC7	1224792	T
DCC7	1224794	A
DCC7	1224812	T
DCC7	1225124	C
DCC7	1225154	A
DCC7	1225253	A
DCC7	1225271	C
DCC7	1225298	A
DCC7	1225530	A
DCC7	1225577	T
DCC7	1225598	T
DCC7	1225631	A
DCC7	1225692	C
DCC7	1225706	A
DCC7	1225742	G
DCC7	1225760	T
DCC7	1225823	T
DCC7	1225847	A
DCC7	1225883	C
DCC7	1225940	C
DCC7	1225950	G
DCC7	1225985	G
DCC7	1226042	A
DCC7	1226108	T
DCC7	1226324	G
DCC7	1226469	A
DCC7	1226619	A
DCC7	1226685	T
DCC7	1226808	C
DCC7	1226851	C
DCC7	1226856	A
DCC7	1226865	T
DCC7	1226892	C
DCC7	1227021	T
DCC7	1227187	C
DCC7	1227261	T
DCC7	1228293	G
DCC7	1231593	A
DCC7	1236758	C
DCC7	1247726	A
DCC7	1248913	T
DCC7	1249147	C
DCC7	1250167	G
DCC7	1251164	T
DCC7	1251474	T
DCC7	1257115	C
DCC7	1259138	G
DCC7	1259349	T
DCC7	1259397	C
DCC7	1259483	T
DCC7	1259541	T
DCC7	1259544	C
DCC7	1259728	T
DCC7	1259733	C
DCC7	1259742	T
DCC7	1259775	C
DCC7	1259793	T
DCC7	1259859	G
DCC7	1259913	G
DCC7	1260117	C
DCC7	1260126	C
DCC7	1260165	C
DCC7	1260177	C
DCC7	1260309	A
DCC7	1260570	C
DCC7	1267522	A
DCC7	1271603	G
DCC7	1275763	C
DCC7	1275866	A
DCC7	1276082	T
DCC7	1316265	G
DCC7	1329526	C
DCC7	1330862	T
DCC7	1339280	T
DCC7	1341855	T
DCC7	1416004	A
DCC7	1457058	T
DCC7	1467313	C
DCC7	1478275	T
DCC7	1480049	G
DCC7	1480077	G
DCC7	1522201	G
DCC7	1522301	G
DCC7	1522429	C
DCC7	1522431	A
DCC7	1522513	C
DCC7	1522585	A
DCC7	1522726	G
DCC7	1523446	A
DCC7	1523487	T
DCC7	1523853	A
DCC7	1523865	G
DCC7	1523937	T
DCC7	1524082	C
DCC7	1524142	C
DCC7	1524259	A
DCC7	1525025	A
DCC7	1525061	C
DCC7	1525097	G
DCC7	1525109	A
DCC7	1525139	A
DCC7	1525145	T
DCC7	1525148	T
DCC7	1525151	C
DCC7	1525154	A
DCC7	1525253	C
DCC7	1525283	G
DCC7	1525298	C
DCC7	1525352	T
DCC7	1525624	A
DCC7	1525699	G
DCC7	1525728	G
DCC7	1525761	G
DCC7	1525815	C
DCC7	1525965	A
DCC7	1525977	A
DCC7	1526026	G
DCC7	1526106	G
DCC7	1526202	G
DCC7	1526232	T
DCC7	1526237	G
DCC7	1526305	C
DCC7	1526371	G
DCC7	1526386	C
DCC7	1526524	T
DCC7	1526872	G
DCC7	1526911	G
DCC7	1526980	C
DCC7	1526996	A
DCC7	1527032	C
DCC7	1541125	A
DCC7	1682545	C
DCC7	1697830	A
DCC7	1710350	C
DCC7	1714961	T
DCC7	1716097	G
DCC7	1716684	C
DCC7	1717097	A
DCC7	1720715	C
DCC7	1721708	T
DCC7	1722327	G
DCC7	1756070	T
DCC7	1756271	T
DCC7	1756409	G
DCC7	1756843	T
DCC7	1756858	G
DCC7	1756972	G
DCC7	1757415	T
DCC7	1757462	A
DCC7	1758821	A
DCC7	1760521	T
DCC7	1783612	T
DCC7	1787980	T
DCC7	1788503	T
DCC7	1789767	C
DCC7	1789770	T
DCC7	1791666	A
DCC7	1792106	T
DCC7	1800198	C
DCC7	1800662	G
DCC7	1800731	T
DCC7	1800784	C
DCC7	1800827	T
DCC7	1800912	T
DCC7	1800940	T
DCC7	1801439	T
DCC7	1803594	T
DCC7	1881892	T
DCC7	1890349	T
DCC7	1890719	C
DCC7	1901987	A
DCC7	1903570	T
DCC7	1911893	C
DCC7	1960522	T
DCC7	1968083	G
DCC7	1969803	A
DCC7	1970298	T
DCC7	1970999	G
DCC7	1971969	C
DCC7	1972364	T
DCC7	1976614	C
DCC7	1978097	C
DCC7	1978100	G
DCC7	1978163	T
DCC7	1978166	A
DCC7	1978226	T
DCC7	1978295	T
DCC7	1978310	G
DCC7	1978328	C
DCC7	1978407	A
DCC7	1978472	G
DCC7	1978556	A
DCC7	1978613	G
DCC7	1979078	A
DCC7	1979462	T
DCC7	1979552	C
DCC7	1979663	C
DCC7	1979690	C
DCC7	1979726	A
DCC7	1979873	C
DCC7	1980753	A
DCC7	1980821	A
DCC7	1981008	G
DCC7	1981070	A
DCC7	1981767	G
DCC7	1981830	T
DCC7	1981872	G
DCC7	1981902	C
DCC7	1981968	T
DCC7	1982046	C
DCC7	1982160	A
DCC7	1982265	C
DCC7	1982358	C
DCC7	1982433	T
DCC7	1982541	C
DCC7	1982577	C
DCC7	1983056	C
DCC7	1990767	C
DCC7	1991749	T
DCC7	1992100	A
DCC7	1998984	G
DCC7	2002645	T
DCC7	2002937	A
DCC7	2020103	C
DCC7	2021649	T
DCC7	2025247	C
DCC7	2026615	A
DCC7	2027517	T
DCC7	2027820	G
DCC7	2028033	C
DCC7	2028210	T
DCC7	2052401	C
DCC7	2052891	A
DCC7	2053326	G
DCC7	2054683	A
DCC7	2054827	A
DCC7	2055050	C
DCC7	2055683	T
DCC7	2056053	G
DCC7	2056482	C
DCC7	2070480	A
DCC7	2071517	C
DCC7	2079450	T
DCC7	2086080	A
DCC7	2087552	G
DCC7	2094561	T
DCC7	2095245	T
DCC7	2114686	T
DCC7	2120142	T
DCC7	2121517	T
DCC7	2122413	T
DCC7	2122953	A
DCC7	2128345	T
DCC7	2130733	C
DCC7	2134733	A
DCC7	2146804	C
DCC7	2146807	C
DCC7	2148772	T
DCC7	2149158	G
DCC7	2154792	C
DCC7	2155670	G
DCC7	2156084	T
DCC7	2156351	C
DCC7	2156357	C
DCC7	2156393	G
DCC7	2156444	G
DCC7	2156554	A
DCC7	2156648	T
DCC7	2156690	C
DCC7	2156703	C
DCC7	2156705	G
DCC7	2156710	G
DCC7	2156720	G
DCC7	2156810	C
DCC7	2156822	C
DCC7	2156861	A
DCC7	2156990	T
DCC7	2157071	G
DCC7	2157149	T
DCC7	2157155	A
DCC7	2157167	T
DCC7	2157191	T
DCC7	2157212	T
DCC7	2157233	T
DCC7	2157299	T
DCC7	2157470	T
DCC7	2157628	A
DCC7	2157638	C
DCC7	2157656	G
DCC7	2157713	A
DCC7	2177263	A
DCC7	2185096	C
DCC7	2193897	T
DCC7	2197254	A
DCC7	2198214	G
DCC7	2204435	C
DCC7	2213897	G
DCC7	2219058	T
DCC7	2222497	A
DCC7	2225938	G
DCC7	2229552	G
DCC7	2230020	A
DCC7	2253717	T
DCC7	2256270	C
DCC7	2259839	T
DCC7	2261658	G
DCC7	2267388	A
DCC7	2272853	C
DCC7	2274477	C
DCC7	2275221	A
DCC7	2275918	C
DCC7	2276521	C
DCC7	2282673	G
DCC7	2286576	C
DCC7	2290343	G
DCC7	2291159	G
DCC7	2302772	T
DCC7	2307200	T
DCC7	2310049	G
DCC7	2311704	T
DCC7	2321610	T
DCC7	2336149	T
DCC7	2340120	T
DCC7	2502220	A
DCC7	2502949	C
DCC7	2516428	G
DCC7	2519943	A
DCC7	2579194	T
DCC7	2581553	G
DCC7	2581720	G
DCC7	2582780	C
DCC7	2583165	C
DCC7	2583726	T
DCC7	2583780	T
DCC7	2583805	A
DCC7	2583827	G
DCC7	2584109	C
DCC7	2584253	A
DCC7	2584924	A
DCC7	2585336	C
DCC7	2587307	C
DCC7	2590628	T
DCC7	2593660	A
DCC7	2596429	T
DCC7	2596846	C
DCC7	2597175	A
DCC7	2598073	T
DCC7	2598090	A
DCC7	2598135	C
DCC7	2598162	T
DCC7	2598183	T
DCC7	2598240	T
DCC7	2598245	T
DCC7	2598294	A
DCC7	2598627	G
DCC7	2598639	T
DCC7	2598813	T
DCC7	2599000	G
DCC7	2599021	G
DCC7	2599029	T
DCC7	2599041	A
DCC7	2599065	A
DCC7	2599122	T
DCC7	2599137	T
DCC7	2599258	G
DCC7	2599297	T
DCC7	2599513	C
DCC7	2599636	T
DCC7	2599654	A
DCC7	2599873	A
DCC7	2611947	G
DCC7	2618925	G
DCC7	2624160	C
DCC7	2630164	A
DCC7	2631187	G
DCC7	2631309	C
DCC7	2633037	C
DCC7	2635048	A
DCC7	2636725	T
DCC7	2637011	T
DCC7	2637103	G
DCC7	2637597	T
DCC7	2638013	A
DCC7	2638132	C
DCC7	2638264	A
DCC7	2638303	T
DCC7	2638387	A
DCC7	2638512	T
DCC7	2638817	T
DCC7	2638868	G
DCC7	2638919	T
DCC7	2639030	A
DCC7	2639054	A
DCC7	2639441	C
DCC7	2639468	T
DCC7	2639632	A
DCC7	2640319	G
DCC7	2640491	A
DCC7	2640533	G
DCC7	2640539	C
DCC7	2640824	G
DCC7	2640925	A
DCC7	2641016	A
DCC7	2641246	A
DCC7	2641417	A
DCC7	2641528	G
DCC7	2641920	A
DCC7	2644120	G
DCC7	2644345	T
DCC7	2645448	G
DCC7	2646597	G
DCC7	2646641	T
DCC7	2647033	C
DCC7	2647139	C
DCC7	2647238	C
DCC7	2648218	T
DCC7	2648623	A
DCC7	2649724	C
DCC7	2649752	A
DCC7	2649761	T
DCC7	2650022	A
DCC7	2650087	G
DCC7	2650761	A
DCC7	2650894	G
DCC7	2651700	C
DCC7	2651966	T
DCC7	2653293	T
DCC7	2654594	T
DCC7	2655024	C
DCC7	2659562	A
DCC7	2662849	A
DCC7	2662861	G
DCC7	2663826	T
DCC7	2691893	A
DCC7	2691896	C
DCC7	2691898	T
DCC7	2691924	C
DCC7	2692100	A
DCC7	2692193	A
DCC7	2692431	A
DCC7	2692476	C
DCC7	2692599	A
DCC7	2692659	G
DCC7	2692662	G
DCC7	2692737	C
DCC7	2693407	C
DCC7	2693415	A
DCC7	2693498	C
DCC7	2693528	T
DCC7	2693641	A
DCC7	2693649	C
DCC7	2693676	G
DCC7	2693723	G
DCC7	2693733	C
DCC7	2694186	C
DCC7	2694238	T
DCC7	2694393	G
DCC7	2694405	G
DCC7	2694507	A
DCC7	2694636	C
DCC7	2694644	G
DCC7	2694750	A
DCC7	2694783	T
DCC7	2694888	G
DCC7	2694948	A
DCC7	2695005	T
DCC7	2695035	A
DCC7	2695095	C
DCC7	2695119	G
DCC7	2695136	T
DCC7	2695180	T
DCC7	2695209	A
DCC7	2695212	G
DCC7	2695263	C
DCC7	2695269	G
DCC7	2695347	C
DCC7	2695359	C
DCC7	2695650	A
DCC7	2695770	C
DCC7	2695838	T
DCC7	2695879	A
DCC7	2695970	G
DCC7	2696162	C
DCC7	2696702	T
DCC7	2696750	C
DCC7	2740989	C
DCC7	2743623	T
DCC7	2753640	A
DCC7	2757276	T
DCC7	2759658	A
DCC7	2766551	A
DCC7	2766686	C
DCC7	2777554	G
DCC7	2787564	T
DCC7	3069092	A
DCC7	3079473	A
DCC7	3088017	A
DCC7	3094015	T
DCC7	3094552	A
DCC7	3095174	C
DCC7	3096417	A
DCC7	3096433	C
DCC7	3102500	A
DCC7	3106645	A
DCC7	3106870	A
DCC7	3116147	A
DCC7	3121455	A
DCC7	3121497	G
DCC7	3121500	A
DCC7	3122181	T
DCC7	3122665	T
DCC7	3124384	A
DCC7	3126977	C
DCC7	3132671	T
DCC7	3135509	C
DCC7	3137153	T
DCC7	3137213	A
DCC7	3148323	A
DCC7	3207086	A
DCC7	3256727	C
DCC7	3280397	T
DCC7	3329467	T
DCC7	3329796	A
DCC7	3333459	A
DCC7	3336320	A
DCC7	3336836	G
DCC7	3339113	A
DCC7	3352422	T
DCC7	3364903	A
DCC7	3376724	A
DCC7	3378856	C
DCC7	3388077	T
DCC7	3388205	A
DCC7	3388630	A
DCC7	3388947	T
DCC7	3391865	T
DCC7	3413537	C
DCC7	3414895	T
DCC7	3441633	G
DCC7	3441987	G
DCC7	3442407	A
DCC7	3443447	A
DCC7	3443468	A
DCC7	3460527	T
DCC7	3460535	T
DCC7	3460557	C
DCC7	3460558	A
DCC7	3460603	T
DCC7	3461526	G
DCC7	3461595	G
DCC7	3461666	G
DCC7	3461697	G
DCC7	3461754	A
DCC7	3461805	G
DCC7	3464987	C
DCC7	3465729	G
DCC7	3466185	A
DCC7	3466269	A
DCC7	3466311	A
DCC7	3469219	C
DCC7	3469227	G
DCC7	3469342	G
DCC7	3469626	T
DCC7	3470349	A
DCC7	3470671	A
DCC7	3470936	T
DCC7	3470997	G
DCC7	3472136	G
DCC7	3473534	A
DCC7	3473547	G
DCC7	3473561	G
DCC7	3558732	T
DCC7	3558805	A
DCC7	3559706	G
DCC7	3559817	T
DCC7	3559853	G
DCC7	3559868	T
DCC7	3559916	G
DCC7	3560201	T
DCC7	3560243	A
DCC7	3560246	C
DCC7	3560249	G
DCC7	3560661	T
DCC7	3561126	C
DCC7	3561144	C
DCC7	3568426	A
DCC7	3571649	T
DCC7	3572053	A
DCC7	3573058	G
DCC7	3573088	G
DCC7	3579170	A
DCC7	3579783	A
DCC7	3600745	A
DCC7	3601001	A
DCC7	3603851	T
DCC7	3611056	G
DCC7	3614037	T
DCC7	3614052	G
DCC7	3618707	A
DCC7	3621339	G
DCC7	3621898	C
DCC7	3626147	C
DCC7	3626810	T
DCC7	3630630	T
DCC7	3631095	A
DCC7	3635436	T
DCC7	3635741	T
DCC7	3638250	A
DCC7	3654316	C
DCC7	3659087	T
DCC7	3667885	A
DCC7	3870404	T
DCC7	3872884	T
DCC7	3877526	T
DCC7	3878311	T
DCC7	4086538	T
DCC7	4089158	A
DCC7	4117999	C
DCC7	4122259	C
DCC7	4123842	T
DCC7	4124336	T
DCC7	4135562	A
DCC7	4145806	T
DCC7	4147375	G
DCC7	4147869	A
DCC7	4149303	T
DCC7	4151578	C
DCC7	4152760	C
DCC7	4170794	C
DCC7	4181152	A
DCC7	4184029	A
DCC7	4184227	A
DCC7	4187526	T
DCC7	4189697	C
DCC7	4193533	A
DCC7	4194863	A
DCC7	4195078	C
DCC7	4205478	T
DCC7	4208658	G
DCC7	4220552	A
DCC7	4222281	G
DCC7	4223881	C
DCC7	4225247	A
DCC7	4227885	T
DCC7	4228449	T
DCC7	4234353	A
DCC7	4238961	T
DCC7	4242772	G
DCC7	4251012	C
DCC7	4252432	A
DCC7	4254315	T
DCC7	4255102	A
DCC7	4255248	T
DCC7	4255568	C
DCC7	4268606	C
DCC7	4270689	G
DCC7	4292729	T
DCC7	4299642	G
DCC7	4330095	A
DCC7	4331966	T
DCC7	4352360	T
DCC7	4388802	T
DCC7	4389177	A
DCC7	4393087	A
DCC7	4401143	A
DCC7	4406684	A
DCC7	4496871	A
DCC7	4499137	A
DCC7	4503153	T
DCC7	4505830	A
DCC7	4565937	C
DCC7	4597924	T
DCC7	4613987	T
DCC7	4619808	T
DCC7	4623280	G
DCC7	4624229	C
DCC7	4624813	A
DCC7	4712955	C
DCC7	8323	C
DCC7	8337	A
DCC7	8361	C
DCC7	8362	C
DCC7	9870	A
DCC7	9876	T
DCC7	9882	G
DCC7	9903	G
DCC7	9921	C
DCC7	9942	A
DCC7	9964	C
DCC7	9990	A
DCC7	9999	T
DCC7	10000	C
DCC7	10002	A
DCC7	10064	T
DCC7	10067	G
DCC7	10071	G
DCC7	10089	C
DCC7	10110	C
DCC7	10479	G
DCC7	10487	C
DCC7	10496	T
DCC7	10503	C
DCC7	76915	C
DCC7	97315	T
DCC7	163348	A
DCC7	195322	T
DCC7	271066	A
DCC7	402825	G
DCC7	402831	A
DCC7	556546	G
DCC7	570958	T
DCC7	571079	C
DCC7	571182	A
DCC7	644747	A
DCC7	1086073	G
DCC7	1087208	A
DCC7	1087256	T
DCC7	1087266	T
DCC7	1087285	G
DCC7	1087382	T
DCC7	1087407	A
DCC7	1091328	T
DCC7	1091361	A
DCC7	1091363	T
DCC7	1091369	T
DCC7	1091370	C
DCC7	1091376	G
DCC7	1109828	A
DCC7	1109980	C
DCC7	1109983	A
DCC7	1110075	A
DCC7	1110093	A
DCC7	1110097	G
DCC7	1110108	T
DCC7	1110151	A
DCC7	1110198	A
DCC7	1110201	G
DCC7	1203314	T
DCC7	1203319	G
DCC7	1203339	C
DCC7	1203342	A
DCC7	1203350	A
DCC7	1203351	G
DCC7	1205055	T
DCC7	1205074	G
DCC7	1205354	T
DCC7	1248888	T
DCC7	1259258	A
DCC7	1262035	G
DCC7	1276407	A
DCC7	1335441	A
DCC7	1525585	C
DCC7	1527198	T
DCC7	1527199	A
DCC7	1527203	C
DCC7	1527232	G
DCC7	1530886	A
DCC7	1707149	T
DCC7	1882420	G
DCC7	1903381	T
DCC7	1981203	A
DCC7	2027634	C
DCC7	2138078	G
DCC7	2256382	T
DCC7	2258862	T
DCC7	2279296	T
DCC7	2280783	C
DCC7	2592788	C
DCC7	2693881	C
DCC7	2694125	T
DCC7	2765177	T
DCC7	3114736	A
DCC7	3322850	C
DCC7	3463123	A
DCC7	3473483	C
DCC7	3473524	A
DCC7	4149605	T
DCC7	4203015	T
DCC7	4221041	T
DCC7	4251843	A
DCC7	4253285	G
DCC7	4253991	A
DCC7	4374883	T
DCC7	4683623	C
